sn,prov,day,time_min,gminvalue
1,1,1,0,
2,1,1,30,3.038961173
3,1,1,60,2.907713204
4,1,1,90,3.20091936
5,1,1,120,2.852429671
6,1,1,150,4.143761288
7,1,1,180,3.826393017
8,1,1,210,2.63164595
9,1,1,240,3.362253961
10,1,1,270,2.559648684
11,1,1,300,2.605565334
12,1,1,330,2.705549274
1,1,2,0,
2,1,2,30,9.966221513
3,1,2,60,23.90204847
4,1,2,90,24.95443897
5,1,2,120,12.11956161
6,1,2,150,6.218219524
7,1,2,180,4.406352999
8,1,2,210,2.824296127
9,1,2,240,1.673761829
10,1,2,270,1.609042686
11,1,2,300,1.585791205
12,1,2,330,1.379967774
1,1,3,0,
2,1,3,30,33.76642149
3,1,3,60,10.96099264
4,1,3,90,4.710855258
5,1,3,120,3.313017543
6,1,3,150,2.271786618
7,1,3,180,1.664246509
8,1,3,210,1.683359686
9,1,3,240,2.129685183
10,1,3,270,1.929056266
11,1,3,300,1.832315835
12,1,3,330,2.104691319
1,1,4,0,
2,1,4,30,27.36447928
3,1,4,60,37.38321127
4,1,4,90,13.90439623
5,1,4,120,3.667748461
6,1,4,150,2.407273828
7,1,4,180,2.542144466
8,1,4,210,2.275374922
9,1,4,240,2.211621101
10,1,4,270,2.034380227
11,1,4,300,2.308961261
12,1,4,330,2.25750325
1,1,5,0,
2,1,5,30,30.49683723
3,1,5,60,13.09398124
4,1,5,90,6.078603183
5,1,5,120,3.62244633
6,1,5,150,2.42428393
7,1,5,180,2.616867773
8,1,5,210,2.20012932
9,1,5,240,2.590287262
10,1,5,270,1.900255999
11,1,5,300,2.318499738
12,1,5,330,2.2333521
1,2,1,0,
2,2,1,30,20.17218356
3,2,1,60,7.174928992
4,2,1,90,7.342248861
5,2,1,120,3.582638046
6,2,1,150,2.598193399
7,2,1,180,2.108843219
8,2,1,210,1.929658136
9,2,1,240,2.389985375
10,2,1,270,1.898946815
11,2,1,300,1.699716889
12,2,1,330,2.249814269
1,2,2,0,
2,2,2,30,24.78668686
3,2,2,60,3.49052408
4,2,2,90,2.771711743
5,2,2,120,1.654303626
6,2,2,150,1.782962003
7,2,2,180,1.747919817
8,2,2,210,1.757785385
9,2,2,240,1.490757391
10,2,2,270,1.576921791
11,2,2,300,1.862968888
12,2,2,330,1.490166306
1,2,3,0,
2,2,3,30,3.982081929
3,2,3,60,4.424649723
4,2,3,90,6.055998501
5,2,3,120,7.832681439
6,2,3,150,7.597984479
7,2,3,180,4.785023107
8,2,3,210,3.847161285
9,2,3,240,2.552310364
10,2,3,270,2.668410286
11,2,3,300,2.772861429
12,2,3,330,2.463697139
1,2,4,0,
2,2,4,30,37.49465835
3,2,4,60,8.697437832
4,2,4,90,4.756743747
5,2,4,120,3.107125634
6,2,4,150,3.112918903
7,2,4,180,2.247949652
8,2,4,210,2.659437535
9,2,4,240,1.836098903
10,2,4,270,2.26248457
11,2,4,300,1.444628723
12,2,4,330,2.610479614
1,2,5,0,
2,2,5,30,14.02107439
3,2,5,60,4.252335545
4,2,5,90,4.083026063
5,2,5,120,4.419930906
6,2,5,150,4.881792525
7,2,5,180,4.388099589
8,2,5,210,4.020688285
9,2,5,240,3.543349448
10,2,5,270,3.289903901
11,2,5,300,3.405824323
12,2,5,330,3.176128772
1,3,1,0,
2,3,1,30,8.718812471
3,3,1,60,13.57235538
4,3,1,90,17.28028285
5,3,1,120,14.22979732
6,3,1,150,7.758277464
7,3,1,180,5.016463867
8,3,1,210,3.030420216
9,3,1,240,2.630921516
10,3,1,270,1.926547396
11,3,1,300,1.417332926
12,3,1,330,1.823927188
1,3,2,0,
2,3,2,30,6.913393093
3,3,2,60,14.46667609
4,3,2,90,12.17079649
5,3,2,120,3.533270932
6,3,2,150,2.243119925
7,3,2,180,1.759227066
8,3,2,210,1.292845102
9,3,2,240,1.981813169
10,3,2,270,1.903745853
11,3,2,300,1.3249111
12,3,2,330,2.257500433
1,3,3,0,
2,3,3,30,14.86663953
3,3,3,60,14.78218966
4,3,3,90,7.473111592
5,3,3,120,3.766321186
6,3,3,150,2.828491249
7,3,3,180,2.626296254
8,3,3,210,2.386962414
9,3,3,240,2.39377635
10,3,3,270,2.339447578
11,3,3,300,2.317294384
12,3,3,330,2.183707502
1,3,4,0,
2,3,4,30,3.546350715
3,3,4,60,10.20561235
4,3,4,90,35.57890959
5,3,4,120,6.231265951
6,3,4,150,2.716583529
7,3,4,180,2.320339712
8,3,4,210,2.070755631
9,3,4,240,1.996633166
10,3,4,270,2.446319723
11,3,4,300,1.850381189
12,3,4,330,2.210390738
1,3,5,0,
2,3,5,30,36.60617553
3,3,5,60,12.47727354
4,3,5,90,5.234323919
5,3,5,120,3.406009095
6,3,5,150,2.807324529
7,3,5,180,2.999754314
8,3,5,210,2.610706348
9,3,5,240,2.003579825
10,3,5,270,2.347930399
11,3,5,300,2.507729909
12,3,5,330,2.422975082
1,4,1,0,
2,4,1,30,28.27856694
3,4,1,60,4.113800528
4,4,1,90,3.402507187
5,4,1,120,2.345961529
6,4,1,150,2.213259803
7,4,1,180,2.092061251
8,4,1,210,1.725959479
9,4,1,240,2.149090325
10,4,1,270,1.633163566
11,4,1,300,1.786667126
12,4,1,330,2.096165913
1,4,2,0,
2,4,2,30,30.25049658
3,4,2,60,11.01219377
4,4,2,90,8.752098929
5,4,2,120,2.710913618
6,4,2,150,2.201794678
7,4,2,180,2.098561879
8,4,2,210,1.615659214
9,4,2,240,1.771762778
10,4,2,270,1.798597698
11,4,2,300,1.793709516
12,4,2,330,1.664959889
1,4,3,0,
2,4,3,30,23.91987917
3,4,3,60,13.04766401
4,4,3,90,5.23492718
5,4,3,120,3.01738953
6,4,3,150,2.070300841
7,4,3,180,1.52170484
8,4,3,210,1.897740192
9,4,3,240,1.606181335
10,4,3,270,1.635133016
11,4,3,300,1.467500396
12,4,3,330,1.851886496
1,4,4,0,
2,4,4,30,40.31775484
3,4,4,60,6.976249319
4,4,4,90,3.724208192
5,4,4,120,3.898203633
6,4,4,150,3.504910658
7,4,4,180,3.455044354
8,4,4,210,3.588942755
9,4,4,240,3.400510953
10,4,4,270,3.36894566
11,4,4,300,3.344370359
12,4,4,330,3.424952604
1,4,5,0,
2,4,5,30,5.440626422
3,4,5,60,4.402375529
4,4,5,90,5.874268846
5,4,5,120,6.020900457
6,4,5,150,7.361557627
7,4,5,180,7.429744987
8,4,5,210,5.75954604
9,4,5,240,5.060102879
10,4,5,270,3.860306388
11,4,5,300,3.98905901
12,4,5,330,3.588338692
1,5,1,0,
2,5,1,30,9.217717522
3,5,1,60,10.56658618
4,5,1,90,9.84091333
5,5,1,120,7.145178613
6,5,1,150,5.431095485
7,5,1,180,3.41835563
8,5,1,210,2.003189162
9,5,1,240,1.684452054
10,5,1,270,1.302471069
11,5,1,300,1.452900044
12,5,1,330,1.442338106
1,5,2,0,
2,5,2,30,33.00570359
3,5,2,60,8.058085717
4,5,2,90,4.531073652
5,5,2,120,3.092269389
6,5,2,150,2.936185437
7,5,2,180,2.529571483
8,5,2,210,1.965803606
9,5,2,240,2.286503114
10,5,2,270,2.325823393
11,5,2,300,2.007261632
12,5,2,330,1.735866029
1,5,3,0,
2,5,3,30,32.04396452
3,5,3,60,13.27067883
4,5,3,90,8.282188578
5,5,3,120,5.715453291
6,5,3,150,4.811944174
7,5,3,180,3.496665787
8,5,3,210,3.575267268
9,5,3,240,3.334183807
10,5,3,270,3.018915246
11,5,3,300,3.132005284
12,5,3,330,3.391967369
1,5,4,0,
2,5,4,30,4.875246833
3,5,4,60,4.675800229
4,5,4,90,10.50202743
5,5,4,120,18.43442911
6,5,4,150,5.942792343
7,5,4,180,3.702472391
8,5,4,210,3.10596788
9,5,4,240,3.431019766
10,5,4,270,3.122794886
11,5,4,300,2.892321846
12,5,4,330,2.869449154
1,5,5,0,
2,5,5,30,8.936801486
3,5,5,60,7.895546237
4,5,5,90,15.80302304
5,5,5,120,9.3663764
6,5,5,150,5.334764627
7,5,5,180,2.893764697
8,5,5,210,3.318445195
9,5,5,240,2.645955501
10,5,5,270,2.1057411
11,5,5,300,2.39793104
12,5,5,330,2.26861865
1,6,1,0,
2,6,1,30,4.018504749
3,6,1,60,3.033511091
4,6,1,90,5.963779771
5,6,1,120,8.229234353
6,6,1,150,3.323188637
7,6,1,180,2.54674458
8,6,1,210,1.511715225
9,6,1,240,1.694905214
10,6,1,270,2.125222345
11,6,1,300,1.859980215
12,6,1,330,2.140213823
1,6,2,0,
2,6,2,30,14.13502549
3,6,2,60,15.96707629
4,6,2,90,6.763447855
5,6,2,120,5.574603831
6,6,2,150,3.689215835
7,6,2,180,3.04836842
8,6,2,210,1.873184257
9,6,2,240,2.068496914
10,6,2,270,1.918888736
11,6,2,300,1.664556353
12,6,2,330,1.386890667
1,6,3,0,
2,6,3,30,45.79422241
3,6,3,60,17.64564202
4,6,3,90,6.528283989
5,6,3,120,3.166321509
6,6,3,150,3.167429162
7,6,3,180,2.417901472
8,6,3,210,1.822494517
9,6,3,240,1.979536547
10,6,3,270,2.726040372
11,6,3,300,1.88725499
12,6,3,330,2.134150711
1,6,4,0,
2,6,4,30,61.84547807
3,6,4,60,24.27987476
4,6,4,90,5.961227285
5,6,4,120,4.165801106
6,6,4,150,3.729772564
7,6,4,180,3.000244885
8,6,4,210,3.079156923
9,6,4,240,2.978868409
10,6,4,270,3.244245658
11,6,4,300,2.766928409
12,6,4,330,3.350572486
1,6,5,0,
2,6,5,30,23.47163215
3,6,5,60,3.481014404
4,6,5,90,3.483644397
5,6,5,120,3.0291991
6,6,5,150,3.606413159
7,6,5,180,3.452198532
8,6,5,210,3.13024017
9,6,5,240,2.651883772
10,6,5,270,2.795553559
11,6,5,300,3.152997251
12,6,5,330,3.242355076
1,7,1,0,
2,7,1,30,28.94420385
3,7,1,60,5.42872521
4,7,1,90,2.583784048
5,7,1,120,2.500780112
6,7,1,150,1.885748626
7,7,1,180,2.481912223
8,7,1,210,1.349925794
9,7,1,240,2.395049232
10,7,1,270,1.554558801
11,7,1,300,1.630398386
12,7,1,330,2.092947561
1,7,2,0,
2,7,2,30,34.22547012
3,7,2,60,14.2612413
4,7,2,90,5.485076243
5,7,2,120,2.950506772
6,7,2,150,3.968218035
7,7,2,180,4.353349272
8,7,2,210,1.815177012
9,7,2,240,3.001889599
10,7,2,270,2.381547033
11,7,2,300,3.495622509
12,7,2,330,2.40055948
1,7,3,0,
2,7,3,30,4.272814732
3,7,3,60,4.919695356
4,7,3,90,10.94204356
5,7,3,120,17.69021688
6,7,3,150,8.00807029
7,7,3,180,4.803128599
8,7,3,210,3.016967274
9,7,3,240,3.098193564
10,7,3,270,2.562050149
11,7,3,300,3.067368983
12,7,3,330,2.826307699
1,7,4,0,
2,7,4,30,7.881859748
3,7,4,60,11.2586994
4,7,4,90,15.83215673
5,7,4,120,8.108606634
6,7,4,150,4.444345692
7,7,4,180,3.825369739
8,7,4,210,3.818938107
9,7,4,240,3.540615046
10,7,4,270,3.64395439
11,7,4,300,3.075909244
12,7,4,330,3.627355434
1,7,5,0,
2,7,5,30,4.912361573
3,7,5,60,4.210278197
4,7,5,90,6.019227382
5,7,5,120,8.613504449
6,7,5,150,7.269912795
7,7,5,180,3.976595687
8,7,5,210,2.645633642
9,7,5,240,2.639929349
10,7,5,270,2.247081496
11,7,5,300,2.602893932
12,7,5,330,2.51606181
1,8,1,0,
2,8,1,30,12.63142324
3,8,1,60,6.207888749
4,8,1,90,5.268211391
5,8,1,120,2.972239318
6,8,1,150,1.892313076
7,8,1,180,1.727748412
8,8,1,210,1.264273488
9,8,1,240,2.134931654
10,8,1,270,1.448111395
11,8,1,300,1.561908636
12,8,1,330,1.832473209
1,8,2,0,
2,8,2,30,23.21741053
3,8,2,60,5.982300643
4,8,2,90,3.748868306
5,8,2,120,2.269009673
6,8,2,150,1.922789975
7,8,2,180,1.831142489
8,8,2,210,2.21643932
9,8,2,240,1.745469581
10,8,2,270,1.436054753
11,8,2,300,1.982979527
12,8,2,330,2.043882218
1,8,3,0,
2,8,3,30,42.40440303
3,8,3,60,7.131472112
4,8,3,90,6.957326989
5,8,3,120,5.005753492
6,8,3,150,4.595631947
7,8,3,180,4.284615227
8,8,3,210,3.869104786
9,8,3,240,4.308172778
10,8,3,270,4.607602255
11,8,3,300,4.26232921
12,8,3,330,4.257612308
1,8,4,0,
2,8,4,30,47.31913661
3,8,4,60,25.97701211
4,8,4,90,6.669436093
5,8,4,120,3.148124613
6,8,4,150,2.599445872
7,8,4,180,2.562462117
8,8,4,210,1.930513758
9,8,4,240,2.657609281
10,8,4,270,2.07331162
11,8,4,300,2.133660074
12,8,4,330,2.169706609
1,8,5,0,
2,8,5,30,3.011881237
3,8,5,60,3.898467789
4,8,5,90,8.646375154
5,8,5,120,10.29456579
6,8,5,150,12.66251212
7,8,5,180,13.89740809
8,8,5,210,10.67028247
9,8,5,240,9.136354443
10,8,5,270,6.032254159
11,8,5,300,4.282149833
12,8,5,330,2.954020296
1,9,1,0,
2,9,1,30,27.80797092
3,9,1,60,4.779778983
4,9,1,90,3.288800412
5,9,1,120,1.917883403
6,9,1,150,2.065705623
7,9,1,180,2.19072103
8,9,1,210,1.872309571
9,9,1,240,2.148705814
10,9,1,270,1.668689187
11,9,1,300,2.143616951
12,9,1,330,2.093710682
1,9,2,0,
2,9,2,30,6.984601837
3,9,2,60,13.08576458
4,9,2,90,21.28359436
5,9,2,120,16.42613454
6,9,2,150,12.40098187
7,9,2,180,7.708216373
8,9,2,210,4.359427029
9,9,2,240,2.514941859
10,9,2,270,2.266184186
11,9,2,300,2.095247452
12,9,2,330,2.106925069
1,9,3,0,
2,9,3,30,16.74767133
3,9,3,60,8.830382072
4,9,3,90,4.649063288
5,9,3,120,4.693810181
6,9,3,150,1.606999679
7,9,3,180,3.286995897
8,9,3,210,3.051329088
9,9,3,240,2.343414909
10,9,3,270,3.435343697
11,9,3,300,2.952296281
12,9,3,330,2.977602075
1,9,4,0,
2,9,4,30,9.737863762
3,9,4,60,29.24346054
4,9,4,90,16.62691524
5,9,4,120,6.145430755
6,9,4,150,4.019811179
7,9,4,180,2.955627946
8,9,4,210,2.832398096
9,9,4,240,2.818118196
10,9,4,270,2.511142983
11,9,4,300,2.70860185
12,9,4,330,2.749674635
1,9,5,0,
2,9,5,30,11.20734717
3,9,5,60,9.927747865
4,9,5,90,14.52074785
5,9,5,120,9.822918658
6,9,5,150,5.439384354
7,9,5,180,3.692087201
8,9,5,210,4.482069442
9,9,5,240,4.32268373
10,9,5,270,3.64345614
11,9,5,300,3.960425748
12,9,5,330,3.746853251
1,10,1,0,
2,10,1,30,6.01337768
3,10,1,60,4.084636172
4,10,1,90,3.133938283
5,10,1,120,2.577914715
6,10,1,150,2.163760375
7,10,1,180,1.900573896
8,10,1,210,1.845548353
9,10,1,240,1.810543276
10,10,1,270,1.792588978
11,10,1,300,1.524760964
12,10,1,330,1.769837289
1,10,2,0,
2,10,2,30,21.09302193
3,10,2,60,24.19777628
4,10,2,90,4.810886787
5,10,2,120,3.12527703
6,10,2,150,2.208024799
7,10,2,180,2.164628464
8,10,2,210,2.335817237
9,10,2,240,1.828287367
10,10,2,270,2.244008353
11,10,2,300,1.94205719
12,10,2,330,2.206501931
1,10,3,0,
2,10,3,30,10.08266337
3,10,3,60,8.497233148
4,10,3,90,6.917264137
5,10,3,120,3.594624711
6,10,3,150,2.185134069
7,10,3,180,2.02705263
8,10,3,210,1.721424981
9,10,3,240,1.569027674
10,10,3,270,1.66120204
11,10,3,300,1.828301592
12,10,3,330,1.636758858
1,10,4,0,
2,10,4,30,31.15410221
3,10,4,60,20.67272868
4,10,4,90,6.844740253
5,10,4,120,3.194396814
6,10,4,150,3.411747342
7,10,4,180,3.027345955
8,10,4,210,3.288043105
9,10,4,240,2.638048423
10,10,4,270,2.815601917
11,10,4,300,2.363873835
12,10,4,330,3.317571917
1,10,5,0,
2,10,5,30,34.33991232
3,10,5,60,3.277091491
4,10,5,90,3.650839199
5,10,5,120,3.470518871
6,10,5,150,3.20296623
7,10,5,180,2.759403137
8,10,5,210,2.390853649
9,10,5,240,2.502074237
10,10,5,270,2.191412627
11,10,5,300,2.408235334
12,10,5,330,2.674605054
1,11,1,0,
2,11,1,30,26.65276966
3,11,1,60,9.877140393
4,11,1,90,7.313466611
5,11,1,120,3.322661362
6,11,1,150,1.844844622
7,11,1,180,2.323692153
8,11,1,210,1.781517505
9,11,1,240,1.978558777
10,11,1,270,1.753163905
11,11,1,300,1.875179236
12,11,1,330,2.008511793
1,11,2,0,
2,11,2,30,33.46876956
3,11,2,60,11.63707807
4,11,2,90,6.658457467
5,11,2,120,2.563553964
6,11,2,150,2.500924841
7,11,2,180,2.322731248
8,11,2,210,1.770181615
9,11,2,240,1.968052071
10,11,2,270,2.293839221
11,11,2,300,1.821285586
12,11,2,330,2.030505473
1,11,3,0,
2,11,3,30,2.078202034
3,11,3,60,2.491758767
4,11,3,90,5.494628713
5,11,3,120,21.91718176
6,11,3,150,14.66392283
7,11,3,180,3.972961682
8,11,3,210,2.581233942
9,11,3,240,2.423428073
10,11,3,270,2.73594076
11,11,3,300,2.190947084
12,11,3,330,2.105936721
1,11,4,0,
2,11,4,30,6.161557037
3,11,4,60,6.00211261
4,11,4,90,6.085615099
5,11,4,120,5.603590987
6,11,4,150,4.30563884
7,11,4,180,4.021922168
8,11,4,210,3.52304558
9,11,4,240,3.153656488
10,11,4,270,3.20154253
11,11,4,300,2.603121292
12,11,4,330,2.637483186
1,11,5,0,
2,11,5,30,9.261373568
3,11,5,60,8.01871889
4,11,5,90,9.808061063
5,11,5,120,10.27111469
6,11,5,150,9.985881643
7,11,5,180,7.791686525
8,11,5,210,4.623304405
9,11,5,240,3.121533424
10,11,5,270,2.281804036
11,11,5,300,1.920243136
12,11,5,330,2.400627201
1,12,1,0,
2,12,1,30,22.22102983
3,12,1,60,5.672350843
4,12,1,90,2.768214354
5,12,1,120,2.273579738
6,12,1,150,2.452122251
7,12,1,180,2.48785434
8,12,1,210,1.792716408
9,12,1,240,2.512447729
10,12,1,270,1.98820801
11,12,1,300,1.949497979
12,12,1,330,2.211801137
1,12,2,0,
2,12,2,30,29.70307331
3,12,2,60,12.52916852
4,12,2,90,7.415604213
5,12,2,120,4.199391132
6,12,2,150,2.426966105
7,12,2,180,2.211318477
8,12,2,210,1.837648053
9,12,2,240,1.894404413
10,12,2,270,1.839259629
11,12,2,300,2.009711984
12,12,2,330,1.839548903
1,12,3,0,
2,12,3,30,27.39567963
3,12,3,60,3.540376116
4,12,3,90,4.130758206
5,12,3,120,2.504354241
6,12,3,150,2.645253297
7,12,3,180,2.353726401
8,12,3,210,2.203854423
9,12,3,240,2.378575355
10,12,3,270,2.324591581
11,12,3,300,2.557184036
12,12,3,330,2.400674584
1,12,4,0,
2,12,4,30,8.743190157
3,12,4,60,11.68099411
4,12,4,90,13.30206163
5,12,4,120,4.896307611
6,12,4,150,3.108777711
7,12,4,180,2.580412815
8,12,4,210,2.533139769
9,12,4,240,1.925790749
10,12,4,270,2.071775419
11,12,4,300,1.940192035
12,12,4,330,2.291486733
1,12,5,0,
2,12,5,30,43.02568819
3,12,5,60,15.68941358
4,12,5,90,4.844008004
5,12,5,120,3.03602162
6,12,5,150,2.766740956
7,12,5,180,2.731195229
8,12,5,210,2.15128475
9,12,5,240,2.854403854
10,12,5,270,2.35102589
11,12,5,300,2.367129756
12,12,5,330,2.406603628
1,13,1,0,
2,13,1,30,27.9100615
3,13,1,60,5.281539321
4,13,1,90,4.972675979
5,13,1,120,3.053340526
6,13,1,150,2.42522661
7,13,1,180,2.168234528
8,13,1,210,2.030017588
9,13,1,240,2.067140726
10,13,1,270,2.073571372
11,13,1,300,1.861050399
12,13,1,330,2.246985473
1,13,2,0,
2,13,2,30,11.92383777
3,13,2,60,13.14285874
4,13,2,90,13.89719593
5,13,2,120,13.51084066
6,13,2,150,11.49184756
7,13,2,180,9.212440617
8,13,2,210,5.785033221
9,13,2,240,3.262447786
10,13,2,270,2.906201356
11,13,2,300,2.651603411
12,13,2,330,2.771981092
1,13,3,0,
2,13,3,30,6.124459902
3,13,3,60,4.43539786
4,13,3,90,3.705862964
5,13,3,120,2.784708016
6,13,3,150,2.848609427
7,13,3,180,2.141360109
8,13,3,210,2.517920056
9,13,3,240,2.302092608
10,13,3,270,2.519826037
11,13,3,300,2.677624538
12,13,3,330,2.775591964
1,13,4,0,
2,13,4,30,30.03227918
3,13,4,60,10.304579
4,13,4,90,4.544456674
5,13,4,120,3.581776732
6,13,4,150,3.139898119
7,13,4,180,2.392016497
8,13,4,210,2.250353411
9,13,4,240,2.056111398
10,13,4,270,1.985717455
11,13,4,300,2.081641586
12,13,4,330,2.153687519
1,13,5,0,
2,13,5,30,24.72852499
3,13,5,60,11.07185062
4,13,5,90,6.580059823
5,13,5,120,4.94892755
6,13,5,150,4.463002266
7,13,5,180,3.522657292
8,13,5,210,2.40045016
9,13,5,240,2.402894685
10,13,5,270,1.957376225
11,13,5,300,1.983684877
12,13,5,330,1.937250473
1,14,1,0,
2,14,1,30,15.88598348
3,14,1,60,5.621720369
4,14,1,90,4.738224654
5,14,1,120,3.479971854
6,14,1,150,2.58576539
7,14,1,180,2.673844766
8,14,1,210,2.009143371
9,14,1,240,2.795286478
10,14,1,270,2.516394376
11,14,1,300,1.573093806
12,14,1,330,2.555440548
1,14,2,0,
2,14,2,30,27.98743689
3,14,2,60,4.372062069
4,14,2,90,2.753427086
5,14,2,120,2.723332628
6,14,2,150,2.29038949
7,14,2,180,2.503040277
8,14,2,210,1.9837409
9,14,2,240,2.140320962
10,14,2,270,2.453729643
11,14,2,300,1.931295804
12,14,2,330,2.146486988
1,14,3,0,
2,14,3,30,17.03098915
3,14,3,60,5.044383836
4,14,3,90,7.690865506
5,14,3,120,4.263076601
6,14,3,150,2.703875234
7,14,3,180,2.350064872
8,14,3,210,2.378272139
9,14,3,240,2.311092335
10,14,3,270,2.513647904
11,14,3,300,2.061202494
12,14,3,330,2.615513444
1,14,4,0,
2,14,4,30,9.152464208
3,14,4,60,6.125039608
4,14,4,90,5.37856653
5,14,4,120,4.488244547
6,14,4,150,3.829532987
7,14,4,180,3.746728161
8,14,4,210,3.386176503
9,14,4,240,3.085265512
10,14,4,270,2.546618262
11,14,4,300,2.182587849
12,14,4,330,2.79908226
1,14,5,0,
2,14,5,30,16.87808017
3,14,5,60,20.57828274
4,14,5,90,11.37896378
5,14,5,120,4.132852668
6,14,5,150,3.758028907
7,14,5,180,3.528151563
8,14,5,210,2.889952024
9,14,5,240,3.427642303
10,14,5,270,2.789244892
11,14,5,300,3.012213051
12,14,5,330,2.84977449
1,15,1,0,
2,15,1,30,50.41150561
3,15,1,60,10.23945899
4,15,1,90,4.944741036
5,15,1,120,5.010327887
6,15,1,150,4.175887685
7,15,1,180,4.772290012
8,15,1,210,4.004932186
9,15,1,240,4.830700104
10,15,1,270,3.747362891
11,15,1,300,4.048177871
12,15,1,330,4.497171965
1,15,2,0,
2,15,2,30,33.42566231
3,15,2,60,13.8456005
4,15,2,90,5.086462555
5,15,2,120,2.452019913
6,15,2,150,2.014413164
7,15,2,180,1.974822056
8,15,2,210,2.297867168
9,15,2,240,1.921644098
10,15,2,270,1.763067703
11,15,2,300,1.779916404
12,15,2,330,2.018326334
1,15,3,0,
2,15,3,30,15.85176845
3,15,3,60,6.9988381
4,15,3,90,4.126745813
5,15,3,120,3.355518446
6,15,3,150,2.455506956
7,15,3,180,2.047136104
8,15,3,210,2.222797161
9,15,3,240,2.516045227
10,15,3,270,2.301987749
11,15,3,300,2.194603661
12,15,3,330,2.221993972
1,15,4,0,
2,15,4,30,42.43433329
3,15,4,60,30.85540641
4,15,4,90,19.28275499
5,15,4,120,8.565656742
6,15,4,150,2.657283613
7,15,4,180,2.109688917
8,15,4,210,2.335427535
9,15,4,240,2.124369027
10,15,4,270,1.922085832
11,15,4,300,1.968760489
12,15,4,330,2.272079777
1,15,5,0,
2,15,5,30,23.39658826
3,15,5,60,3.119643213
4,15,5,90,3.602307902
5,15,5,120,3.367311529
6,15,5,150,2.983406832
7,15,5,180,3.331804835
8,15,5,210,2.706379338
9,15,5,240,2.947881109
10,15,5,270,2.398839085
11,15,5,300,2.387414557
12,15,5,330,2.979521185
1,16,1,0,
2,16,1,30,22.76264591
3,16,1,60,6.302864371
4,16,1,90,3.675264628
5,16,1,120,3.078131711
6,16,1,150,2.65588407
7,16,1,180,3.242902145
8,16,1,210,2.588912223
9,16,1,240,3.673650187
10,16,1,270,2.411224207
11,16,1,300,2.307560947
12,16,1,330,3.054381338
1,16,2,0,
2,16,2,30,11.22998339
3,16,2,60,21.45494813
4,16,2,90,9.568648875
5,16,2,120,3.234553957
6,16,2,150,2.299157321
7,16,2,180,2.020800577
8,16,2,210,1.865862027
9,16,2,240,1.741037463
10,16,2,270,1.887382979
11,16,2,300,1.645481339
12,16,2,330,2.158242048
1,16,3,0,
2,16,3,30,4.465684004
3,16,3,60,6.051094454
4,16,3,90,10.1394078
5,16,3,120,7.642008458
6,16,3,150,3.706512394
7,16,3,180,2.128109428
8,16,3,210,2.280777945
9,16,3,240,1.737334057
10,16,3,270,1.697903796
11,16,3,300,1.656343438
12,16,3,330,1.780535352
1,16,4,0,
2,16,4,30,10.42436728
3,16,4,60,15.60372271
4,16,4,90,7.364857294
5,16,4,120,4.523742071
6,16,4,150,3.841799527
7,16,4,180,3.91990692
8,16,4,210,3.089315225
9,16,4,240,2.86416686
10,16,4,270,3.152160746
11,16,4,300,2.816881016
12,16,4,330,2.990717541
1,16,5,0,
2,16,5,30,9.777750193
3,16,5,60,11.72972535
4,16,5,90,8.61547703
5,16,5,120,4.921550837
6,16,5,150,5.46294822
7,16,5,180,4.055411097
8,16,5,210,3.566603665
9,16,5,240,3.214113754
10,16,5,270,3.227172211
11,16,5,300,3.280138955
12,16,5,330,3.275654938
1,17,1,0,
2,17,1,30,27.24522657
3,17,1,60,3.320552132
4,17,1,90,6.053322331
5,17,1,120,2.063748209
6,17,1,150,3.561977033
7,17,1,180,2.00459939
8,17,1,210,1.67177919
9,17,1,240,2.18676006
10,17,1,270,1.898275525
11,17,1,300,2.013767143
12,17,1,330,2.124073447
1,17,2,0,
2,17,2,30,3.569679099
3,17,2,60,4.87845579
4,17,2,90,5.908351051
5,17,2,120,4.850332293
6,17,2,150,2.494440621
7,17,2,180,2.672895567
8,17,2,210,2.173261931
9,17,2,240,2.059955668
10,17,2,270,2.38290404
11,17,2,300,2.669742192
12,17,2,330,2.158225279
1,17,3,0,
2,17,3,30,22.0954618
3,17,3,60,15.711208
4,17,3,90,6.780951436
5,17,3,120,2.334036233
6,17,3,150,1.234963429
7,17,3,180,1.246393411
8,17,3,210,1.807539693
9,17,3,240,1.49538294
10,17,3,270,1.367157256
11,17,3,300,1.195724517
12,17,3,330,1.811537484
1,17,4,0,
2,17,4,30,4.682411924
3,17,4,60,8.029624378
4,17,4,90,22.36059488
5,17,4,120,12.86717636
6,17,4,150,6.963681585
7,17,4,180,4.35822624
8,17,4,210,2.961957969
9,17,4,240,3.112236877
10,17,4,270,2.21314116
11,17,4,300,2.820788431
12,17,4,330,2.798481431
1,17,5,0,
2,17,5,30,45.55351541
3,17,5,60,12.9355811
4,17,5,90,4.945416234
5,17,5,120,4.381087107
6,17,5,150,4.366802932
7,17,5,180,2.594528137
8,17,5,210,4.148094443
9,17,5,240,3.500855209
10,17,5,270,3.434125326
11,17,5,300,3.199614677
12,17,5,330,3.376347501
1,18,1,0,
2,18,1,30,17.85937377
3,18,1,60,6.0420787
4,18,1,90,4.049048262
5,18,1,120,2.623510486
6,18,1,150,3.254422057
7,18,1,180,3.343408841
8,18,1,210,2.328335585
9,18,1,240,2.798112335
10,18,1,270,2.634971017
11,18,1,300,2.620578185
12,18,1,330,2.912579975
1,18,2,0,
2,18,2,30,19.03384721
3,18,2,60,3.189079178
4,18,2,90,2.042451733
5,18,2,120,2.575663336
6,18,2,150,2.606955258
7,18,2,180,2.850608959
8,18,2,210,2.263449674
9,18,2,240,1.920806663
10,18,2,270,2.5273952
11,18,2,300,2.442971655
12,18,2,330,2.50207963
1,18,3,0,
2,18,3,30,16.40711365
3,18,3,60,4.046987313
4,18,3,90,3.922016187
5,18,3,120,2.510957058
6,18,3,150,2.657148244
7,18,3,180,2.645984456
8,18,3,210,1.962070368
9,18,3,240,2.352556559
10,18,3,270,2.569653105
11,18,3,300,2.242885646
12,18,3,330,2.598470277
1,18,4,0,
2,18,4,30,43.13906459
3,18,4,60,4.897415391
4,18,4,90,2.991416007
5,18,4,120,2.247698911
6,18,4,150,2.498398413
7,18,4,180,2.165019013
8,18,4,210,2.440223513
9,18,4,240,2.189400732
10,18,4,270,2.289069113
11,18,4,300,2.009704584
12,18,4,330,2.278641936
1,18,5,0,
2,18,5,30,34.61219155
3,18,5,60,3.274359513
4,18,5,90,3.14029865
5,18,5,120,3.261601586
6,18,5,150,3.038947788
7,18,5,180,3.1796032
8,18,5,210,2.323688206
9,18,5,240,3.417642816
10,18,5,270,2.417667582
11,18,5,300,3.23445823
12,18,5,330,2.349669525
1,19,1,0,
2,19,1,30,18.41214212
3,19,1,60,15.98899644
4,19,1,90,10.80511073
5,19,1,120,7.801029199
6,19,1,150,4.204633727
7,19,1,180,2.167808155
8,19,1,210,1.578517939
9,19,1,240,1.847426039
10,19,1,270,1.280869695
11,19,1,300,1.409391718
12,19,1,330,1.668212617
1,19,2,0,
2,19,2,30,28.03877472
3,19,2,60,22.874448
4,19,2,90,13.96576762
5,19,2,120,7.971753336
6,19,2,150,3.433704121
7,19,2,180,2.407626396
8,19,2,210,2.075163302
9,19,2,240,1.657486836
10,19,2,270,1.42236117
11,19,2,300,1.39536964
12,19,2,330,1.052359927
1,19,3,0,
2,19,3,30,19.96701733
3,19,3,60,7.161808935
4,19,3,90,4.028963842
5,19,3,120,3.294073685
6,19,3,150,3.24952952
7,19,3,180,3.200894439
8,19,3,210,3.547820107
9,19,3,240,3.046269758
10,19,3,270,3.125988703
11,19,3,300,3.049472465
12,19,3,330,3.411921431
1,19,4,0,
2,19,4,30,43.58087344
3,19,4,60,15.36354716
4,19,4,90,9.544704098
5,19,4,120,6.028979871
6,19,4,150,2.998852793
7,19,4,180,2.52193946
8,19,4,210,2.26045611
9,19,4,240,1.962653494
10,19,4,270,2.151991137
11,19,4,300,1.864818905
12,19,4,330,2.304475377
1,19,5,0,
2,19,5,30,13.82954279
3,19,5,60,19.56685739
4,19,5,90,12.91097185
5,19,5,120,6.108860935
6,19,5,150,3.638515016
7,19,5,180,2.843206264
8,19,5,210,2.573439988
9,19,5,240,2.762209586
10,19,5,270,2.605345235
11,19,5,300,2.245373292
12,19,5,330,2.468766938
1,20,1,0,
2,20,1,30,23.62776455
3,20,1,60,6.260860117
4,20,1,90,4.174103484
5,20,1,120,3.557096009
6,20,1,150,2.43743242
7,20,1,180,2.322538438
8,20,1,210,1.919051996
9,20,1,240,2.061953015
10,20,1,270,1.768604113
11,20,1,300,1.967631803
12,20,1,330,2.101307387
1,20,2,0,
2,20,2,30,31.21038082
3,20,2,60,13.12094733
4,20,2,90,5.491420057
5,20,2,120,2.793291343
6,20,2,150,2.079643117
7,20,2,180,1.698974987
8,20,2,210,2.071695063
9,20,2,240,1.727451462
10,20,2,270,1.761733837
11,20,2,300,1.98090817
12,20,2,330,1.572590945
1,20,3,0,
2,20,3,30,27.69689375
3,20,3,60,7.138461863
4,20,3,90,6.583709799
5,20,3,120,5.305631109
6,20,3,150,2.287401866
7,20,3,180,2.123886703
8,20,3,210,2.201791032
9,20,3,240,2.144323689
10,20,3,270,2.212081814
11,20,3,300,2.072754016
12,20,3,330,2.266321781
1,20,4,0,
2,20,4,30,7.308696237
3,20,4,60,11.92454217
4,20,4,90,14.29894368
5,20,4,120,6.576512797
6,20,4,150,3.540348437
7,20,4,180,2.69117026
8,20,4,210,2.4657436
9,20,4,240,1.87781935
10,20,4,270,1.840597097
11,20,4,300,2.007410401
12,20,4,330,2.150858506
1,20,5,0,
2,20,5,30,4.635420701
3,20,5,60,3.143407808
4,20,5,90,4.54390839
5,20,5,120,6.026348732
6,20,5,150,9.190975183
7,20,5,180,12.74664762
8,20,5,210,10.1609966
9,20,5,240,8.008909371
10,20,5,270,5.014898656
11,20,5,300,3.72612276
12,20,5,330,2.965632195
1,21,1,0,
2,21,1,30,31.40437817
3,21,1,60,6.082755285
4,21,1,90,4.679560739
5,21,1,120,1.015114113
6,21,1,150,2.033256204
7,21,1,180,1.352868517
8,21,1,210,1.30244715
9,21,1,240,1.52773648
10,21,1,270,1.003083774
11,21,1,300,1.27471711
12,21,1,330,1.402999448
1,21,2,0,
2,21,2,30,21.19543892
3,21,2,60,23.78129701
4,21,2,90,10.25594116
5,21,2,120,5.45145443
6,21,2,150,3.151043805
7,21,2,180,2.719762932
8,21,2,210,2.533378552
9,21,2,240,1.728343004
10,21,2,270,2.238276916
11,21,2,300,2.225325497
12,21,2,330,1.678296067
1,21,3,0,
2,21,3,30,5.822619009
3,21,3,60,6.071605653
4,21,3,90,7.969598657
5,21,3,120,5.917374966
6,21,3,150,5.091995701
7,21,3,180,3.13953742
8,21,3,210,3.340044085
9,21,3,240,1.649023376
10,21,3,270,2.459806558
11,21,3,300,2.23410733
12,21,3,330,2.144303331
1,21,4,0,
2,21,4,30,33.75300343
3,21,4,60,4.074523562
4,21,4,90,4.605435893
5,21,4,120,3.282012083
6,21,4,150,2.836199338
7,21,4,180,2.730827459
8,21,4,210,2.461061216
9,21,4,240,2.240955174
10,21,4,270,2.595904788
11,21,4,300,2.404318056
12,21,4,330,2.544324836
1,21,5,0,
2,21,5,30,23.17384731
3,21,5,60,15.10749447
4,21,5,90,6.305876433
5,21,5,120,4.497821092
6,21,5,150,3.224726472
7,21,5,180,2.785678772
8,21,5,210,2.516128827
9,21,5,240,3.291471395
10,21,5,270,2.621620473
11,21,5,300,2.763988417
12,21,5,330,2.371685939
